{
  "code4rena_nudgexyz_2025_04": {
    "status": "success",
    "findings_count": 44,
    "output_file": "baseline_results/code4rena_nudgexyz_2025_04_baseline.json"
  },
  "code4rena_forte-float128-solidity-library_2025_04": {
    "status": "success",
    "findings_count": 6,
    "output_file": "baseline_results/code4rena_forte-float128-solidity-library_2025_04_baseline.json"
  },
  "code4rena_bitvault_2025_05": {
    "status": "success",
    "findings_count": 70,
    "output_file": "baseline_results/code4rena_bitvault_2025_05_baseline.json"
  },
  "code4rena_silo-finance_2025_05": {
    "status": "success",
    "findings_count": 154,
    "output_file": "baseline_results/code4rena_silo-finance_2025_05_baseline.json"
  },
  "code4rena_cabal-liquid-staking-token_2025_05": {
    "status": "success",
    "findings_count": 48,
    "output_file": "baseline_results/code4rena_cabal-liquid-staking-token_2025_05_baseline.json"
  },
  "code4rena_upside_2025_06": {
    "status": "success",
    "findings_count": 12,
    "output_file": "baseline_results/code4rena_upside_2025_06_baseline.json"
  },
  "code4rena_starknet-perpetual_2025_06": {
    "status": "success",
    "findings_count": 84,
    "output_file": "baseline_results/code4rena_starknet-perpetual_2025_06_baseline.json"
  },
  "code4rena_blackhole_2025_07": {
    "status": "success",
    "findings_count": 475,
    "output_file": "baseline_results/code4rena_blackhole_2025_07_baseline.json"
  },
  "code4rena_kinetiq_2025_07": {
    "status": "success",
    "findings_count": 28,
    "output_file": "baseline_results/code4rena_kinetiq_2025_07_baseline.json"
  },
  "code4rena_virtuals-protocol_2025_08": {
    "status": "success",
    "findings_count": 123,
    "output_file": "baseline_results/code4rena_virtuals-protocol_2025_08_baseline.json"
  },
  "code4rena_panoptic-hypovault_2025_08": {
    "status": "success",
    "findings_count": 6,
    "output_file": "baseline_results/code4rena_panoptic-hypovault_2025_08_baseline.json"
  },
  "cantina_clearpool_2025_08": {
    "status": "success",
    "findings_count": 0,
    "output_file": "baseline_results/cantina_clearpool_2025_08_baseline.json"
  },
  "cantina_centrifuge-v3_2025_07": {
    "status": "success",
    "findings_count": 29,
    "output_file": "baseline_results/cantina_centrifuge-v3_2025_07_baseline.json"
  },
  "cantina_grove-alm-controller_2025_07": {
    "status": "success",
    "findings_count": 30,
    "output_file": "baseline_results/cantina_grove-alm-controller_2025_07_baseline.json"
  },
  "cantina_afiusd_2025_07": {
    "status": "success",
    "findings_count": 0,
    "output_file": "baseline_results/cantina_afiusd_2025_07_baseline.json"
  },
  "cantina_sonic-airdrop-contracts_2025_07": {
    "status": "success",
    "findings_count": 0,
    "output_file": "baseline_results/cantina_sonic-airdrop-contracts_2025_07_baseline.json"
  },
  "cantina_ceres-farm-contracts_2025_07": {
    "status": "success",
    "findings_count": 0,
    "output_file": "baseline_results/cantina_ceres-farm-contracts_2025_07_baseline.json"
  },
  "cantina_morphex-contracts_2025_07": {
    "status": "success",
    "findings_count": 102,
    "output_file": "baseline_results/cantina_morphex-contracts_2025_07_baseline.json"
  },
  "cantina_hyperware-dao_2025_07": {
    "status": "success",
    "findings_count": 0,
    "output_file": "baseline_results/cantina_hyperware-dao_2025_07_baseline.json"
  },
  "cantina_sorella-angstrom_2025_07": {
    "status": "success",
    "findings_count": 100,
    "output_file": "baseline_results/cantina_sorella-angstrom_2025_07_baseline.json"
  },
  "cantina_puffer-preconf--puffer-institutional_2025_07": {
    "status": "success",
    "findings_count": 24,
    "output_file": "baseline_results/cantina_puffer-preconf--puffer-institutional_2025_07_baseline.json"
  },
  "cantina_bitcorn-oft_2025_07": {
    "status": "success",
    "findings_count": 0,
    "output_file": "baseline_results/cantina_bitcorn-oft_2025_07_baseline.json"
  },
  "cantina_neutrl-contracts_2025_07": {
    "status": "success",
    "findings_count": 0,
    "output_file": "baseline_results/cantina_neutrl-contracts_2025_07_baseline.json"
  },
  "cantina_spark-alm-controller-v150-beta0_2025_07": {
    "status": "success",
    "findings_count": 23,
    "output_file": "baseline_results/cantina_spark-alm-controller-v150-beta0_2025_07_baseline.json"
  },
  "cantina_layerzero-ovault_2025_07": {
    "status": "success",
    "findings_count": 159,
    "output_file": "baseline_results/cantina_layerzero-ovault_2025_07_baseline.json"
  },
  "cantina_lorenzo-otf-contract_2025_06": {
    "status": "success",
    "findings_count": 0,
    "output_file": "baseline_results/cantina_lorenzo-otf-contract_2025_06_baseline.json"
  },
  "cantina_sonic-airdrop-contracts_2025_06": {
    "status": "success",
    "findings_count": 0,
    "output_file": "baseline_results/cantina_sonic-airdrop-contracts_2025_06_baseline.json"
  },
  "cantina_pineapple-staking-contract_2025_06": {
    "status": "success",
    "findings_count": 0,
    "output_file": "baseline_results/cantina_pineapple-staking-contract_2025_06_baseline.json"
  },
  "cantina_crown-brlc-eth_2025_06": {
    "status": "success",
    "findings_count": 0,
    "output_file": "baseline_results/cantina_crown-brlc-eth_2025_06_baseline.json"
  },
  "cantina_usual-sync-vault_2025_06": {
    "status": "success",
    "findings_count": 0,
    "output_file": "baseline_results/cantina_usual-sync-vault_2025_06_baseline.json"
  },
  "cantina_sablier-flow_2025_06": {
    "status": "success",
    "findings_count": 0,
    "output_file": "baseline_results/cantina_sablier-flow_2025_06_baseline.json"
  },
  "cantina_sablier-lockup_2025_06": {
    "status": "success",
    "findings_count": 0,
    "output_file": "baseline_results/cantina_sablier-lockup_2025_06_baseline.json"
  },
  "cantina_sablier-airdrops_2025_06": {
    "status": "success",
    "findings_count": 0,
    "output_file": "baseline_results/cantina_sablier-airdrops_2025_06_baseline.json"
  },
  "cantina_sablier-evm-utils_2025_06": {
    "status": "success",
    "findings_count": 0,
    "output_file": "baseline_results/cantina_sablier-evm-utils_2025_06_baseline.json"
  },
  "cantina_infrared-contractsfeatibera-wthdrawals_2025_06": {
    "status": "success",
    "findings_count": 0,
    "output_file": "baseline_results/cantina_infrared-contractsfeatibera-wthdrawals_2025_06_baseline.json"
  },
  "cantina_alpha-contracts-v21_2025_06": {
    "status": "success",
    "findings_count": 0,
    "output_file": "baseline_results/cantina_alpha-contracts-v21_2025_06_baseline.json"
  },
  "cantina_openvm-v121-rc0_2025_06": {
    "status": "success",
    "findings_count": 167,
    "output_file": "baseline_results/cantina_openvm-v121-rc0_2025_06_baseline.json"
  },
  "cantina_europe-stablecoin_2025_05": {
    "status": "success",
    "findings_count": 0,
    "output_file": "baseline_results/cantina_europe-stablecoin_2025_05_baseline.json"
  },
  "cantina_pmerc20_2025_05": {
    "status": "success",
    "findings_count": 0,
    "output_file": "baseline_results/cantina_pmerc20_2025_05_baseline.json"
  },
  "cantina_basenames_2025_05": {
    "status": "success",
    "findings_count": 61,
    "output_file": "baseline_results/cantina_basenames_2025_05_baseline.json"
  },
  "cantina_cross-chain-security-audit-of-sprinter-stash_2025_08": {
    "status": "success",
    "findings_count": 0,
    "output_file": "baseline_results/cantina_cross-chain-security-audit-of-sprinter-stash_2025_08_baseline.json"
  },
  "cantina_virtuals-protocol-security-audit-overview_2025_08": {
    "status": "success",
    "findings_count": 0,
    "output_file": "baseline_results/cantina_virtuals-protocol-security-audit-overview_2025_08_baseline.json"
  },
  "cantina_hyperware_2025_05": {
    "status": "success",
    "findings_count": 0,
    "output_file": "baseline_results/cantina_hyperware_2025_05_baseline.json"
  },
  "cantina_eth0-protocol_2025_05": {
    "status": "success",
    "findings_count": 0,
    "output_file": "baseline_results/cantina_eth0-protocol_2025_05_baseline.json"
  },
  "cantina_clanker-contracts_2025_05": {
    "status": "success",
    "findings_count": 0,
    "output_file": "baseline_results/cantina_clanker-contracts_2025_05_baseline.json"
  },
  "cantina_morpho-sdks_2025_05": {
    "status": "success",
    "findings_count": 91,
    "output_file": "baseline_results/cantina_morpho-sdks_2025_05_baseline.json"
  },
  "cantina_smart-contract-audit-of-tn-contracts_2025_08": {
    "status": "success",
    "findings_count": 73,
    "output_file": "baseline_results/cantina_smart-contract-audit-of-tn-contracts_2025_08_baseline.json"
  },
  "cantina_security-audit-of-horizen-migration-tools_2025_08": {
    "status": "success",
    "findings_count": 0,
    "output_file": "baseline_results/cantina_security-audit-of-horizen-migration-tools_2025_08_baseline.json"
  },
  "cantina_impossible-cloud-network-protocol_2025_05": {
    "status": "success",
    "findings_count": 0,
    "output_file": "baseline_results/cantina_impossible-cloud-network-protocol_2025_05_baseline.json"
  },
  "cantina_smart-contract-audit-of-predicate-protocol_2025_08": {
    "status": "success",
    "findings_count": 0,
    "output_file": "baseline_results/cantina_smart-contract-audit-of-predicate-protocol_2025_08_baseline.json"
  },
  "cantina_horizen-migration-smart-contract-audit_2025_08": {
    "status": "success",
    "findings_count": 29,
    "output_file": "baseline_results/cantina_horizen-migration-smart-contract-audit_2025_08_baseline.json"
  },
  "cantina_sonic-airdrop-contracts_2025_04": {
    "status": "success",
    "findings_count": 0,
    "output_file": "baseline_results/cantina_sonic-airdrop-contracts_2025_04_baseline.json"
  },
  "cantina_centrifuge-protocol-v3_2025_04": {
    "status": "success",
    "findings_count": 23,
    "output_file": "baseline_results/cantina_centrifuge-protocol-v3_2025_04_baseline.json"
  },
  "cantina_atlas-defi-protocol-security-assessment_2025_08": {
    "status": "success",
    "findings_count": 16,
    "output_file": "baseline_results/cantina_atlas-defi-protocol-security-assessment_2025_08_baseline.json"
  },
  "cantina_usdai-stablecoin-security-audit_2025_08": {
    "status": "success",
    "findings_count": 35,
    "output_file": "baseline_results/cantina_usdai-stablecoin-security-audit_2025_08_baseline.json"
  },
  "cantina_euler-swap_2025_04": {
    "status": "success",
    "findings_count": 0,
    "output_file": "baseline_results/cantina_euler-swap_2025_04_baseline.json"
  },
  "cantina_odx-contracts_2025_04": {
    "status": "success",
    "findings_count": 0,
    "output_file": "baseline_results/cantina_odx-contracts_2025_04_baseline.json"
  },
  "cantina_chief-migration_2025_04": {
    "status": "success",
    "findings_count": 0,
    "output_file": "baseline_results/cantina_chief-migration_2025_04_baseline.json"
  },
  "cantina_lockstake_2025_04": {
    "status": "success",
    "findings_count": 27,
    "output_file": "baseline_results/cantina_lockstake_2025_04_baseline.json"
  },
  "cantina_sky-protocol-token-conversion-audit_2025_08": {
    "status": "success",
    "findings_count": 0,
    "output_file": "baseline_results/cantina_sky-protocol-token-conversion-audit_2025_08_baseline.json"
  },
  "cantina_pinto-protocol_2025_04": {
    "status": "success",
    "findings_count": 62,
    "output_file": "baseline_results/cantina_pinto-protocol_2025_04_baseline.json"
  },
  "cantina_puffer-contracts_2025_04": {
    "status": "success",
    "findings_count": 57,
    "output_file": "baseline_results/cantina_puffer-contracts_2025_04_baseline.json"
  },
  "cantina_sky-vote-delegate-smart-contract-audit_2025_08": {
    "status": "success",
    "findings_count": 0,
    "output_file": "baseline_results/cantina_sky-vote-delegate-smart-contract-audit_2025_08_baseline.json"
  },
  "cantina_minimal-delegation_2025_04": {
    "status": "success",
    "findings_count": 50,
    "output_file": "baseline_results/cantina_minimal-delegation_2025_04_baseline.json"
  },
  "cantina_chief_2025_04": {
    "status": "success",
    "findings_count": 1,
    "output_file": "baseline_results/cantina_chief_2025_04_baseline.json"
  },
  "cantina_nation-contracts_2025_04": {
    "status": "success",
    "findings_count": 0,
    "output_file": "baseline_results/cantina_nation-contracts_2025_04_baseline.json"
  },
  "cantina_seamless-leverage-tokens_2025_04": {
    "status": "success",
    "findings_count": 7,
    "output_file": "baseline_results/cantina_seamless-leverage-tokens_2025_04_baseline.json"
  },
  "cantina_paintswap-audit-cross-chain-security-review_2025_08": {
    "status": "success",
    "findings_count": 0,
    "output_file": "baseline_results/cantina_paintswap-audit-cross-chain-security-review_2025_08_baseline.json"
  },
  "cantina_ercburner-audit_2025_03": {
    "status": "success",
    "findings_count": 0,
    "output_file": "baseline_results/cantina_ercburner-audit_2025_03_baseline.json"
  },
  "cantina_ethereum-smart-contract-audit-for-drips_2025_08": {
    "status": "success",
    "findings_count": 45,
    "output_file": "baseline_results/cantina_ethereum-smart-contract-audit-for-drips_2025_08_baseline.json"
  },
  "cantina_rwa-security-review-cfg-token-audit_2025_08": {
    "status": "success",
    "findings_count": 8,
    "output_file": "baseline_results/cantina_rwa-security-review-cfg-token-audit_2025_08_baseline.json"
  },
  "cantina_web3-security-review-superseed-token-audit_2025_08": {
    "status": "success",
    "findings_count": 6,
    "output_file": "baseline_results/cantina_web3-security-review-superseed-token-audit_2025_08_baseline.json"
  },
  "cantina_web3-security-review-steakhouse-oracles-audit_2025_08": {
    "status": "success",
    "findings_count": 4,
    "output_file": "baseline_results/cantina_web3-security-review-steakhouse-oracles-audit_2025_08_baseline.json"
  },
  "cantina_infrared-contract-security-review_2025_08": {
    "status": "success",
    "findings_count": 0,
    "output_file": "baseline_results/cantina_infrared-contract-security-review_2025_08_baseline.json"
  },
  "cantina_optimisim-interop-1703-proofs_2025_03": {
    "status": "success",
    "findings_count": 421,
    "output_file": "baseline_results/cantina_optimisim-interop-1703-proofs_2025_03_baseline.json"
  },
  "cantina_usual-vault-smart-contract-security-review_2025_08": {
    "status": "success",
    "findings_count": 0,
    "output_file": "baseline_results/cantina_usual-vault-smart-contract-security-review_2025_08_baseline.json"
  },
  "cantina_bmx-oracle-security-assessment_2025_08": {
    "status": "success",
    "findings_count": 0,
    "output_file": "baseline_results/cantina_bmx-oracle-security-assessment_2025_08_baseline.json"
  },
  "cantina_dex-security-review-mangrove-protocol-audit_2025_08": {
    "status": "success",
    "findings_count": 29,
    "output_file": "baseline_results/cantina_dex-security-review-mangrove-protocol-audit_2025_08_baseline.json"
  },
  "cantina_infrared-bribecollector-security-audit_2025_08": {
    "status": "success",
    "findings_count": 0,
    "output_file": "baseline_results/cantina_infrared-bribecollector-security-audit_2025_08_baseline.json"
  },
  "cantina_espresso-monorepo-1003_2025_03": {
    "status": "success",
    "findings_count": 35,
    "output_file": "baseline_results/cantina_espresso-monorepo-1003_2025_03_baseline.json"
  },
  "cantina_sp-beam_2025_03": {
    "status": "success",
    "findings_count": 9,
    "output_file": "baseline_results/cantina_sp-beam_2025_03_baseline.json"
  },
  "cantina_spark-alm-curve-controller-audit-for-makerdao_2025_08": {
    "status": "success",
    "findings_count": 0,
    "output_file": "baseline_results/cantina_spark-alm-curve-controller-audit-for-makerdao_2025_08_baseline.json"
  },
  "cantina_rates-conv_2025_03": {
    "status": "success",
    "findings_count": 1,
    "output_file": "baseline_results/cantina_rates-conv_2025_03_baseline.json"
  },
  "cantina_n1xyz-nord-security-audit_2024_06": {
    "status": "success",
    "findings_count": 0,
    "output_file": "baseline_results/cantina_n1xyz-nord-security-audit_2024_06_baseline.json"
  },
  "cantina_telcoin-application-network-security-audit_2025_08": {
    "status": "success",
    "findings_count": 0,
    "output_file": "baseline_results/cantina_telcoin-application-network-security-audit_2025_08_baseline.json"
  },
  "cantina_settlement-contracts_2025_02": {
    "status": "success",
    "findings_count": 0,
    "output_file": "baseline_results/cantina_settlement-contracts_2025_02_baseline.json"
  },
  "cantina_space-and-time_2025_02": {
    "status": "success",
    "findings_count": 0,
    "output_file": "baseline_results/cantina_space-and-time_2025_02_baseline.json"
  },
  "cantina_oro-inti_2025_02": {
    "status": "success",
    "findings_count": 0,
    "output_file": "baseline_results/cantina_oro-inti_2025_02_baseline.json"
  },
  "cantina_optimism-layer-2-security-audit_2025_08": {
    "status": "success",
    "findings_count": 0,
    "output_file": "baseline_results/cantina_optimism-layer-2-security-audit_2025_08_baseline.json"
  },
  "cantina_v3-poc_2025_02": {
    "status": "success",
    "findings_count": 0,
    "output_file": "baseline_results/cantina_v3-poc_2025_02_baseline.json"
  },
  "cantina_nft-security-review-sheepcoin-protocol-audit_2025_08": {
    "status": "success",
    "findings_count": 0,
    "output_file": "baseline_results/cantina_nft-security-review-sheepcoin-protocol-audit_2025_08_baseline.json"
  },
  "sherlock_symmio_2025_03": {
    "status": "success",
    "findings_count": 0,
    "output_file": "baseline_results/sherlock_symmio_2025_03_baseline.json"
  },
  "sherlock_crestal-network_2025_03": {
    "status": "success",
    "findings_count": 0,
    "output_file": "baseline_results/sherlock_crestal-network_2025_03_baseline.json"
  },
  "sherlock_pin-link_2025_03": {
    "status": "success",
    "findings_count": 0,
    "output_file": "baseline_results/sherlock_pin-link_2025_03_baseline.json"
  },
  "sherlock_aegis_2025_04": {
    "status": "success",
    "findings_count": 0,
    "output_file": "baseline_results/sherlock_aegis_2025_04_baseline.json"
  },
  "sherlock_aegis_2025_05": {
    "status": "success",
    "findings_count": 0,
    "output_file": "baseline_results/sherlock_aegis_2025_05_baseline.json"
  },
  "sherlock_native_2025_05": {
    "status": "success",
    "findings_count": 0,
    "output_file": "baseline_results/sherlock_native_2025_05_baseline.json"
  },
  "sherlock_meta-lend_2025_05": {
    "status": "success",
    "findings_count": 0,
    "output_file": "baseline_results/sherlock_meta-lend_2025_05_baseline.json"
  },
  "sherlock_seamless-protocol_2025_06": {
    "status": "success",
    "findings_count": 0,
    "output_file": "baseline_results/sherlock_seamless-protocol_2025_06_baseline.json"
  },
  "sherlock_meta-lend_2025_07": {
    "status": "success",
    "findings_count": 0,
    "output_file": "baseline_results/sherlock_meta-lend_2025_07_baseline.json"
  },
  "sherlock_highway_2025_08": {
    "status": "success",
    "findings_count": 0,
    "output_file": "baseline_results/sherlock_highway_2025_08_baseline.json"
  }
}